{"mean": [0.0, 5.003419399261475, 4.5800557136535645, 2.5961623191833496, 4.258729934692383, 4.677738666534424, 4.292418003082275, 0.0, 3.40792179107666, 5.456414699554443, 4.965918064117432, 4.624643802642822, 3.72501540184021, 5.194021701812744, 5.891699314117432, 4.863994121551514, 4.821732521057129, 2.488861083984375, 0.0, 5.778428077697754, 4.196685791015625, 4.344616413116455, 6.569911956787109, 3.874446392059326, 4.060635566711426], "component": [[0.0, 0.09027189016342163, 0.1348506361246109, 0.09233888238668442, 0.13376274704933167, 0.47258761525154114, 0.11747520416975021, -1.1757947504520416e-08, 0.11891938000917435, 0.30304524302482605, 0.2132897675037384, 0.40116918087005615, 0.11503013968467712, 0.3889109194278717, 0.06486361473798752, 0.24321728944778442, -0.055447980761528015, 0.0728195384144783, -1.8918200339612667e-13, 0.0762893483042717, 0.1603512465953827, 0.26003924012184143, -0.10887282341718674, 0.12404929846525192, 0.18730498850345612], [0.0, -0.24068555235862732, 0.4012630879878998, -0.004019502550363541, 0.10911303013563156, -0.07559371739625931, -0.18371886014938354, 1.30385160446167e-08, 0.06926929950714111, 0.3808606266975403, -0.17325365543365479, 0.17032429575920105, 0.09235531091690063, -0.5268080234527588, 0.3675583004951477, 0.0708661898970604, -0.07939496636390686, 0.03198118880391121, 5.130118552187923e-12, -0.26745855808258057, 0.1002015769481659, -0.02410861849784851, 0.021459493786096573, 0.025957686826586723, 0.06321379542350769], [0.0, 0.5453263521194458, -0.2642062306404114, -0.03555355593562126, -0.06120988726615906, -0.08064684271812439, 0.012964623048901558, 5.960464477539063e-08, 0.013253855518996716, 0.1749725192785263, -0.37254923582077026, 0.25825679302215576, -0.04415929317474365, 0.12481388449668884, 0.29259759187698364, -0.32453566789627075, 0.10949306190013885, 0.05730822682380676, -3.410605131648481e-13, -0.1740039587020874, 0.008775770664215088, 0.0070307254791259766, 0.17483073472976685, -0.25575724244117737, 0.18636265397071838], [0.0, 0.35862937569618225, 0.2786787152290344, 0.12788350880146027, 0.16307500004768372, -0.025858018547296524, 0.029875483363866806, 0.0, 0.16114507615566254, -0.21797466278076172, -0.012028366327285767, -0.5124242305755615, 0.1577494889497757, 0.003056943416595459, 0.16664010286331177, 0.24100598692893982, 0.33478978276252747, 0.06928248703479767, -1.3642420526593924e-12, -0.055542267858982086, 0.25742465257644653, 0.17190513014793396, 0.2570876479148865, 0.10470233857631683, 0.09704939275979996], [0.0, -0.007182389497756958, 0.19836364686489105, -0.04318341612815857, -0.013813048601150513, 0.12603624165058136, -0.17281225323677063, 4.6566128730773926e-08, 0.007187577895820141, -0.653206467628479, 0.30354586243629456, 0.2703879475593567, -0.0647866502404213, 0.06639817357063293, 0.21724265813827515, -0.10613483190536499, -0.06564005464315414, 0.013325991109013557, -8.071765478234738e-12, -0.45343852043151855, -0.021520383656024933, -0.009411938488483429, -0.07825843244791031, -0.1871534287929535, 0.04422001540660858], [-0.0, -0.030988052487373352, -0.41981059312820435, -0.006569189950823784, 0.20918971300125122, 0.21867302060127258, -0.006630408111959696, -0.0, -0.06796436756849289, -0.20542018115520477, -0.39952459931373596, -0.0043370071798563, 0.07309886068105698, -0.16836288571357727, -0.21702365577220917, 0.262382835149765, -0.09573037922382355, 0.01600564830005169, -0.0, -0.2832821011543274, 0.3877224922180176, -0.11645336449146271, -0.27876561880111694, 0.11085785925388336, 0.17744281888008118], [0.0, 0.09059031307697296, 0.2861446142196655, 0.05268091708421707, -0.4165562689304352, 0.023630406707525253, -0.10112477093935013, 3.725290298461914e-08, -0.03755776956677437, 0.18590305745601654, -0.15269240736961365, -0.17479655146598816, 0.11829221993684769, 0.13893049955368042, -0.28403741121292114, -0.17200759053230286, 0.22208306193351746, -0.022679485380649567, 0.0, -0.34185582399368286, -0.013637363910675049, 0.19638894498348236, -0.5252272486686707, -0.00775151327252388, -0.08977273106575012], [0.0, 0.14338482916355133, 0.1962195783853531, 0.1502646803855896, 0.1945958286523819, -0.34475401043891907, 0.06224861741065979, 4.6711647883057594e-08, 0.1032588928937912, -0.1134345680475235, 0.03661901131272316, 0.28025689721107483, 0.07248848676681519, -0.13735058903694153, -0.499830961227417, -0.30238965153694153, -0.09017059206962585, 0.09097112715244293, 0.0, -0.011359434574842453, -0.03512901812791824, 0.09093889594078064, 0.09665907919406891, 0.3545815348625183, 0.3575553894042969], [-0.0, -0.10174891352653503, 0.19018253684043884, 0.021013669669628143, -0.008204847574234009, -0.09911632537841797, 0.11678726971149445, -2.9802322387695312e-08, -0.0396493524312973, -0.2742462456226349, -0.24178460240364075, 0.3660024404525757, 0.14698165655136108, -0.05257420241832733, 0.088623046875, -0.08561543375253677, 0.40819051861763, 0.04894272983074188, -0.0, 0.49758026003837585, 0.3114490211009979, -0.0698801800608635, -0.2335101068019867, -0.12190325558185577, -0.181331068277359], [-0.0, 0.38188159465789795, -0.14763925969600677, 0.031536221504211426, 0.13415353000164032, 0.1339089721441269, -0.4585031569004059, -1.2665987014770508e-07, -0.14825394749641418, 0.11961875855922699, 0.42308133840560913, -0.04628686234354973, -0.01539745181798935, -0.3181461691856384, 0.05167215317487717, -0.11487837135791779, 0.18442772328853607, -0.024244535714387894, -0.0, 0.22616907954216003, 0.00901808962225914, -0.21212166547775269, -0.3209233283996582, 0.09020267426967621, 0.09226085245609283], [0.0, -0.18363118171691895, -0.11933188885450363, 0.009020456112921238, 0.1607348471879959, -0.20519456267356873, 0.4069293439388275, -6.705522537231445e-08, 0.014534386806190014, 0.18472398817539215, 0.3157218396663666, -0.09103269875049591, -0.3230079412460327, 0.11834053695201874, 0.1656942367553711, -0.2813061773777008, 0.22519665956497192, 0.033337537199258804, 2.9802322387695312e-08, -0.2647743821144104, 0.3849014937877655, -0.16331739723682404, -0.14789479970932007, 0.1763511300086975, -0.03839936852455139], [-0.0, 0.10108551383018494, -0.25430232286453247, -0.0038323253393173218, -0.47536277770996094, -0.017170291393995285, 0.14169950783252716, -0.0, -0.10754081606864929, -0.06715265661478043, 0.21142606437206268, 0.14851593971252441, -0.014860950410366058, -0.4047577679157257, 0.05237605795264244, 0.04968705028295517, -0.05423818156123161, -0.09073610603809357, 1.4901161193847656e-08, -0.0004016086459159851, 0.2595617473125458, 0.5281460881233215, 0.14045336842536926, 0.1652952879667282, -0.14874453842639923], [0.0, 0.08159135282039642, -0.041163861751556396, -0.10175018757581711, -0.006753738038241863, 0.0585160031914711, 0.266489714384079, -9.313225746154785e-09, -0.08491616696119308, 0.059003330767154694, 0.09886084496974945, 0.26935043931007385, 0.03130313381552696, -0.1822270154953003, -0.2039651721715927, 0.37459805607795715, 0.5483146905899048, 0.02031686156988144, 8.568167686462402e-08, -0.27058136463165283, -0.3820028305053711, -0.21601279079914093, 0.1454409658908844, 0.022214939817786217, -0.0957653746008873], [-0.0, 0.32242101430892944, 0.1466197371482849, 0.014467818662524223, 0.1680440902709961, -0.05555443465709686, -0.20341385900974274, -8.195638656616211e-08, -0.035414569079875946, 0.027292564511299133, -0.12125982344150543, 0.1710854172706604, -0.24161240458488464, 0.1309383064508438, -0.10440457612276077, 0.0934363454580307, -0.18751439452171326, -0.011123085394501686, -2.2351741790771484e-08, -0.10072857141494751, 0.15128792822360992, -0.10176168382167816, 0.09792514145374298, 0.27697187662124634, -0.7039408087730408], [0.0, 0.0081586092710495, -0.1631387323141098, 0.01871827244758606, 0.2882901728153229, -0.6268684267997742, -0.12843775749206543, -1.4901161193847656e-08, -0.15320608019828796, 0.04658651351928711, 0.11058711260557175, 0.0843077301979065, 0.09049531072378159, 0.16267123818397522, 0.07865029573440552, 0.36663195490837097, -0.003919216804206371, 